GROUP,PACKAGE,CLASS,INSTRUCTION_MISSED,INSTRUCTION_COVERED,BRANCH_MISSED,BRANCH_COVERED,LINE_MISSED,LINE_COVERED,COMPLEXITY_MISSED,COMPLEXITY_COVERED,METHOD_MISSED,METHOD_COVERED
problem2,edu.postech.csed332.homework2,BooleanExpParser.VariableContext,9,14,1,1,2,2,2,2,1,2
problem2,edu.postech.csed332.homework2,BooleanExpParser.ExpressionContext,2,12,0,0,1,5,1,3,1,3
problem2,edu.postech.csed332.homework2,Constant,4,19,0,0,1,7,1,5,1,5
problem2,edu.postech.csed332.homework2,BooleanExpParser.BinaryExpContext,24,14,1,1,5,2,5,2,4,2
problem2,edu.postech.csed332.homework2,Negation,0,143,0,8,0,23,0,10,0,6
problem2,edu.postech.csed332.homework2,Variable,5,39,1,1,1,9,1,6,0,6
problem2,edu.postech.csed332.homework2,Disjunction,6,382,6,48,1,58,6,28,0,7
problem2,edu.postech.csed332.homework2,ExpParser.new BooleanExpBaseVisitor() {...},4,84,1,2,1,8,1,7,0,6
problem2,edu.postech.csed332.homework2,ExpParser.new BaseErrorListener() {...},0,11,0,0,0,2,0,2,0,2
problem2,edu.postech.csed332.homework2,BooleanExpParser.ConstantContext,14,14,1,1,3,2,3,2,2,2
problem2,edu.postech.csed332.homework2,BooleanExpParser,78,526,14,25,17,108,18,19,6,9
problem2,edu.postech.csed332.homework2,ExpParser,3,27,0,0,1,5,1,1,1,1
problem2,edu.postech.csed332.homework2,BooleanExpLexer,16,233,0,8,8,27,8,9,8,5
problem2,edu.postech.csed332.homework2,BooleanExpParser.UnaryExpContext,15,14,1,1,3,2,3,2,2,2
problem2,edu.postech.csed332.homework2,Conjunction,0,522,11,75,0,79,11,39,0,7
problem2,edu.postech.csed332.homework2,BooleanExpParser.ParenExpContext,20,14,1,1,4,2,4,2,3,2
problem2,edu.postech.csed332.homework2,BooleanExpBaseVisitor,20,3,0,0,5,1,5,1,5,1
